       2 ,Language 0=Eng,1=Esp,2=Por
       1 ,Initial month of the study
    2040 ,Initial year of the study
     100 ,Maximum number of iterations
      12 ,Investment stage length in months
       1 ,Operation stage length in months
      36 ,Study length in months
       1 ,Number of load levels
       1 ,Print level(1=Normal;2=Detailed)
       0 ,Deficit Cost ($/MWh) (belongs to sddp data)
       0 ,Annual discount factor (%)
       3 ,Convergence tolerance (%)
       3 ,Xpress relative MIP stopping criteria (%)
       0 ,Xpress limit time (s)
       0 ,Cut strategy
       3 ,Solve the Inv/Ope problem
       0 ,Restart
       0 ,Inv.Problem
       2 ,Read plan in P-format,,
datpexp_pedro.csv ,Filename for expansion plan in X-format,,
2 ,Rolling Horizon
       0 ,Minimum number of iterations
       0 ,Environmental impact cost (k$/EU)
       5 ,Number of years for LRMC
       0 ,NREP
       1 ,Check operation feasibility
       0 ,GAP
       1 ,Minimum number of iterations to consecutive decisions
       2 ,Expansion planning simulation
       1 ,Criterio para contar decisoes repetidas (0=OR,1=AND)
